{
  "swagger" : "2.0",
  "info" : {
    "version" : "1.0",
    "title" : "Simple Service that demonstrates the circuit breaker feature in BWCE. Calling the service with the \"success\" parameter set to true will return the downstream services payload. Calling the service with the \"success\" parameter set to false will cause the circuit to open and a default message returned",
    "description" : "Simple Service that demonstrates the circuit breaker feature in BWCE. Calling the service with the \"success\" parameter set to true will return the downstream services payload. Calling the service with the \"success\" parameter set to false will cause the circuit to open and a default message returned"
  },
  "host" : "localhost:8675",
  "basePath" : "/",
  "schemes" : [ "http" ],
  "paths" : {
    "/circuitbreaker" : {
      "get" : {
        "description" : "Simple Service that demonstrates the circuit breaker feature in BWCE. Calling the service with the \\\"success\\\" parameter set to true will return the downstream services payload. Calling the service with the \\\"success\\\" parameter set to false over and over will cause the circuit to open and a default message returned",
        "operationId" : "get-circuitbreaker",
        "consumes" : [ "application/json" ],
        "produces" : [ "application/json", "application/xml" ],
        "parameters" : [ {
          "name" : "success",
          "in" : "query",
          "description" : "",
          "type" : "boolean",
          "required" : false
        } ],
        "responses" : {
          "200" : {
            "description" : "a CircuitBreakerSvcResponseElement to be returned",
            "schema" : {
              "$ref" : "#/definitions/CircuitBreakerSvcResponseElement"
            }
          }
        }
      }
    }
  },
  "definitions" : {
    "downstream" : {
      "type" : "object",
      "properties" : {
        "message" : {
          "type" : "string"
        },
        "resultCode" : {
          "type" : "integer"
        }
      }
    },
    "CircuitBreakerSvcResponseElement" : {
      "type" : "object",
      "properties" : {
        "message" : {
          "type" : "string"
        },
        "downstream" : {
          "$ref" : "#/definitions/downstream"
        }
      }
    }
  }
}