{
  "swagger" : "2.0",
  "info" : {
    "version" : "1.0",
    "title" : "Simple Health Check API",
    "description" : "Simple Health Check API"
  },
  "host" : "localhost:8080",
  "basePath" : "/",
  "schemes" : [ "http" ],
  "paths" : {
    "/healthcheck/liveness" : {
      "get" : {
        "description" : "",
        "operationId" : "get-healthcheck-liveness",
        "consumes" : [ "application/json" ],
        "produces" : [ "application/json" ],
        "parameters" : [ ],
        "responses" : {
          "500" : {
            "description" : "Internal Server Error",
            "schema" : {
              "type" : "string"
            }
          },
          "200" : {
            "description" : "OK",
            "headers" : { }
          }
        }
      }
    },
    "/healthcheck/readiness" : {
      "get" : {
        "description" : "",
        "operationId" : "get-healthcheck-readiness",
        "consumes" : [ "application/json" ],
        "produces" : [ "application/json" ],
        "parameters" : [ ],
        "responses" : {
          "500" : {
            "description" : "Internal Server Error",
            "schema" : {
              "type" : "string"
            }
          },
          "200" : {
            "description" : "OK"
          }
        }
      }
    }
  },
  "definitions" : { }
}