{
  "swagger" : "2.0",
  "info" : {
    "version" : "1.0",
    "title" : "Simple HelloWorld API",
    "description" : "Simple HelloWorld API"
  },
  "host" : "localhost:8080",
  "basePath" : "/",
  "schemes" : [ "http" ],
  "paths" : {
    "/helloworld" : {
      "get" : {
        "description" : "",
        "operationId" : "get-helloworld",
        "consumes" : [ "application/json" ],
        "produces" : [ "application/json" ],
        "parameters" : [ ],
        "responses" : {
          "200" : {
            "description" : "OK"
          }
        }
      }
    }
  },
  "definitions" : { }
}