{
    "records": [],
    "resources": [
        {
            "location": "Service Descriptors/healthcheck_application.module.HelloWorldAPI-HelloWorld.json",
            "type": "generated"
        },
        {
            "location": "Service Descriptors/healthcheck_application.healthcheck_application.HelloWorldAPI-HelloWorld.json",
            "type": "generated"
        },
        {
            "location": "Service Descriptors/healthcheck_application.HelloWorldAPI-HelloWorld.json",
            "type": "generated"
        },
        {
            "location": "Service Descriptors/http_healthcheck.HealthCheck-HealthCheck.json",
            "type": "generated"
        }
    ]
}